{"_runtime":1.023617886,"_wandb":{"runtime":1},"_step":7,"acc":0.7358265293539377,"loss":0.2640805729179041,"_timestamp":1.748065226857895e+09}